,open,high,low,close
0,47.91,47.92,47.1,47.81
1,47.77,48.62,47.76,48.51
2,48.31,49.13,48.29,48.84
3,48.7,49.09,48.29,48.92
4,49.11,49.28,48.98,49.25
5,49.11,50.06,49.08,50.03
6,50.08,50.71,49.81,49.88
7,49.67,50.19,49.54,50.15
8,50.21,50.25,49.61,49.74
9,49.8,50.04,49.05,49.72
10,49.65,49.96,49.5,49.81
11,49.87,50.34,49.64,49.81
12,49.88,50.85,49.65,50.78
13,50.78,51.04,50.63,50.97
14,50.71,51.24,50.58,51.13
15,51.11,51.94,50.97,51.87
16,51.84,52.12,51.76,51.79
17,51.71,51.94,51.28,51.32
18,51.22,51.25,50.53,51.08
19,51.1,51.49,50.97,51.15
20,50.76,50.85,49.78,50.17
21,52.47,53.83,52.31,52.63
22,52.46,53.16,52.03,52.29
23,52.72,52.96,52.56,52.94
24,51.07,52.21,50.88,52.12
25,51.47,51.86,50.21,50.72
26,50.47,51.33,50.44,50.72
27,50.1,50.42,49.17,50.18
28,49.36,49.71,48.19,49.29
29,46.93,47.37,45.71,46.43
30,46.6,47.42,46.35,47.17
31,46.57,47.94,46.51,47.73
32,47.48,48.12,47.21,47.52
33,46.73,47.72,46.69,47.25
34,45.88,46.09,45.07,45.77
35,46.31,47.0,46.17,46.65
36,46.17,46.43,45.64,45.7
37,44.95,45.13,44.45,44.92
38,45.05,45.54,44.65,44.74
39,44.73,45.15,44.48,44.56
40,44.11,44.84,44.0,44.35
41,44.49,44.81,44.17,44.58
42,44.06,44.5,43.75,43.77
43,43.9,44.48,42.57,43.33
44,43.86,44.96,43.63,44.91
45,46.07,46.25,45.29,45.63
46,45.77,46.37,45.54,46.31
47,46.63,47.98,46.44,47.54
48,47.95,48.84,47.9,48.15
49,48.72,49.0,48.4,48.7
50,48.49,48.99,48.35,48.55
51,48.67,49.2,48.4,48.54
52,47.89,48.4,47.58,48.19
53,48.22,48.74,48.04,48.47
54,49.01,50.07,48.8,49.61
55,49.92,49.97,49.33,49.47
56,50.09,50.15,49.51,49.87
57,49.7,50.21,49.54,49.7
58,49.63,50.04,49.54,49.65
59,49.61,49.81,48.82,48.89
60,49.44,50.25,49.34,49.95
61,50.07,50.39,49.89,49.94
62,49.67,49.88,49.26,49.48
63,50.79,51.12,50.16,50.39
64,50.35,50.78,50.34,50.68
65,50.82,51.11,50.67,51.1
66,50.84,51.27,50.72,51.06
67,50.2,50.35,49.6,50.01
68,49.8,50.38,49.7,50.31
69,50.46,50.93,50.39,50.81
70,50.83,51.1,50.43,50.44
71,50.61,51.0,50.55,50.83
72,51.02,51.47,51.0,51.3
73,51.15,51.53,50.88,51.13
74,51.01,51.27,50.82,50.84
75,51.0,51.47,50.92,51.42
76,51.45,51.63,50.59,50.65
77,50.91,51.81,50.9,51.81
78,52.12,52.23,51.82,52.21
79,51.92,52.29,51.79,52.17
80,52.22,52.31,51.68,51.76
81,51.87,52.43,51.79,51.94
82,52.12,52.66,52.11,52.42
83,52.19,52.54,51.83,52.2
84,54.11,55.34,52.83,53.26
85,53.47,54.51,51.69,52.11
86,51.38,51.61,50.41,51.01
87,49.5,49.66,48.15,48.33
88,49.08,49.52,48.51,49.25
89,48.85,49.89,48.46,49.76
90,50.05,50.88,49.85,50.86
91,50.33,50.69,49.82,50.25
92,49.9,50.51,49.79,50.12
93,50.26,53.04,50.12,52.24
94,50.79,51.61,50.65,50.69
95,50.87,51.29,49.92,50.44
96,51.07,51.79,50.96,51.63
97,52.65,53.18,52.51,52.59
98,52.72,53.34,52.58,52.59
99,53.25,53.41,52.9,53.16
100,53.3,53.61,52.69,53.12
101,52.36,53.01,50.25,50.66
102,51.47,51.8,51.26,51.62
103,51.97,52.14,50.88,51.04
104,51.03,51.43,50.83,51.38
105,52.13,52.33,51.67,52.25
106,52.54,52.61,51.8,52.19
107,51.61,51.74,51.06,51.42
108,52.1,52.37,51.83,52.3
109,53.0,53.49,52.88,53.32
110,53.51,53.61,53.13,53.31
111,53.71,54.11,52.77,53.54
112,53.47,54.2,52.93,54.17
113,54.52,55.93,54.43,55.9
114,56.2,56.61,55.72,55.77
115,55.0,55.2,54.26,54.69
116,54.43,55.03,54.39,54.97
117,54.99,55.21,54.78,55.17
118,55.26,55.71,54.86,55.69
119,55.5,55.94,55.09,55.24
120,55.35,55.64,54.37,54.43
121,54.74,54.96,54.41,54.68
122,55.26,55.62,54.3,54.42
123,54.64,55.38,54.29,55.26
124,55.0,55.24,54.71,54.97
125,55.13,55.24,54.32,54.71
126,55.22,56.15,55.2,55.99
127,56.27,57.06,56.05,56.15
128,55.76,55.9,54.48,54.74
129,54.61,55.24,53.78,55.21
130,56.41,56.87,55.97,56.75
131,56.57,57.48,56.46,56.76
132,56.46,57.01,56.08,56.1
133,56.76,56.95,56.41,56.76
134,56.98,57.61,56.83,57.52
135,58.24,59.41,58.08,59.05
136,58.72,59.53,58.67,58.97
137,59.1,59.41,58.72,58.83
138,58.34,58.81,58.3,58.59
139,58.77,59.04,58.38,58.82
140,58.65,59.4,58.57,59.1
141,59.38,60.25,59.33,60.13
142,60.29,60.55,59.9,59.99
143,60.53,60.81,60.31,60.79
144,61.13,61.2,60.45,60.9
145,60.79,61.68,60.72,61.65
146,61.86,62.31,61.68,62.26
147,62.24,62.44,60.64,60.82
148,61.19,61.33,60.3,60.81
149,61.81,62.29,59.31,62.19
150,62.38,63.98,62.29,63.96
151,64.33,64.46,63.85,64.38
152,64.26,64.55,64.08,64.28
153,64.19,64.37,63.84,64.31
154,64.68,65.09,64.53,64.86
155,64.67,65.11,64.21,65.04
156,64.57,65.62,64.57,65.55
157,65.39,65.7,65.23,65.49
158,65.28,66.19,65.27,66.12
159,65.94,66.22,65.53,65.66
160,65.92,66.44,65.75,66.44
161,66.45,66.86,66.06,66.78
162,66.97,67.0,66.35,66.57
163,66.39,66.52,65.1,65.8
164,65.92,66.0,65.29,65.5
165,65.65,65.79,65.21,65.44
166,65.68,66.61,65.63,66.59
167,66.74,66.79,65.63,66.07
168,66.39,67.0,66.33,66.96
169,66.65,67.0,66.47,66.81
170,66.82,67.06,65.86,66.04
171,64.58,64.88,64.07,64.86
172,65.27,65.83,65.17,65.43
173,65.95,66.47,65.68,66.39
174,66.87,67.75,66.82,67.68
175,67.5,67.7,66.23,66.73
176,67.15,67.52,66.46,67.12
177,67.2,67.78,67.13,67.69
178,66.94,68.14,66.83,67.86
179,67.86,68.82,67.73,68.79
180,69.25,70.2,69.25,69.96
181,69.89,70.44,69.7,70.1
182,69.95,70.47,69.78,69.93
183,69.88,70.29,69.74,70.0
184,70.56,70.66,69.64,69.86
185,70.13,71.06,70.09,71.0
186,71.17,71.22,70.73,71.07
187,71.21,72.5,71.18,72.48
188,72.78,73.49,72.03,72.45
189,72.36,73.17,71.31,72.88
190,72.48,73.42,72.38,73.41
191,74.06,75.15,73.8,75.09
192,74.29,75.14,74.13,74.36
193,73.45,74.99,73.19,74.95
194,74.96,75.22,74.37,74.6
195,74.29,76.11,74.29,75.8
196,76.81,77.61,76.55,77.41
197,77.65,78.17,77.06,77.58
198,77.91,79.27,77.79,79.24
199,79.18,79.39,78.04,78.17
200,77.96,78.88,77.39,77.83
201,78.4,78.93,78.02,78.81
202,79.07,79.68,78.75,79.68
203,79.3,79.75,79.0,79.14
204,79.64,80.0,79.33,79.43
205,79.48,79.89,78.91,79.81
206,80.06,80.83,79.38,79.58
207,77.51,77.94,76.22,77.24
208,78.15,79.6,78.05,79.42
209,81.11,81.96,80.35,81.08
210,80.14,81.02,79.69,80.97
211,80.23,80.67,77.07,77.38
212,76.07,78.37,75.56,77.17
213,78.83,79.91,78.41,79.71
214,80.88,81.19,79.74,80.36
215,80.64,81.31,80.07,81.3
216,80.59,80.85,79.5,80.01
217,78.54,80.39,78.46,80.39
218,80.9,80.97,79.68,79.9
219,80.37,81.81,80.37,81.8
220,81.05,81.56,80.84,81.22
221,81.18,81.5,80.71,81.24
222,78.84,79.94,78.65,79.75
223,80.0,81.14,80.0,80.9
224,80.66,81.16,79.55,80.07
225,79.65,80.11,77.63,78.26
226,74.32,76.04,72.31,74.54
227,75.24,75.63,71.53,72.02
228,71.63,74.47,71.63,73.16
229,70.28,71.5,68.24,68.38
230,64.32,69.6,64.09,68.34
231,70.57,75.36,69.43,74.7
232,75.92,76.0,71.45,72.33
233,74.11,75.85,73.28,75.68
234,73.88,74.89,72.85,73.23
235,70.5,72.71,70.31,72.26
236,65.94,69.52,65.75,66.54
237,69.29,71.61,67.34,71.33
238,69.35,70.31,67.96,68.86
239,63.99,67.5,62.0,62.06
240,66.22,69.98,63.24,69.49
241,60.49,64.77,60.0,60.55
242,61.88,64.4,59.6,63.22
243,59.94,62.5,59.28,61.67
244,61.85,63.21,60.65,61.2
245,61.79,62.96,57.0,57.31
246,57.02,57.13,53.15,56.09
247,59.09,61.92,58.58,61.72
248,62.69,64.56,61.08,61.38
249,61.63,64.67,61.59,64.61
250,63.19,63.97,61.76,61.94
251,62.69,63.88,62.35,63.7
252,63.9,65.62,63.0,63.57
253,61.63,62.18,59.78,60.23
254,60.08,61.29,59.22,61.23
255,60.7,61.42,59.74,60.35
256,62.72,65.78,62.35,65.62
257,67.7,67.93,64.75,64.86
258,65.68,66.84,65.31,66.52
259,67.18,67.52,66.18,67.0
260,67.08,68.43,66.46,68.31
261,70.0,72.06,69.51,71.76
262,70.6,71.58,70.16,71.11
263,71.85,72.05,70.59,71.67
264,71.17,71.74,69.21,70.7
265,69.49,70.42,69.21,69.23
266,69.07,69.31,66.36,67.09
267,68.4,69.47,68.05,69.03
268,68.97,70.44,68.72,68.76
269,69.3,70.75,69.25,70.74
270,70.45,71.14,69.99,70.79
271,71.27,71.46,69.55,69.64
272,71.18,72.42,70.97,71.93
273,72.49,73.63,72.09,73.45
274,71.56,74.75,71.46,72.27
275,72.29,73.42,71.58,73.29
276,73.76,75.25,73.61,74.39
277,75.11,75.81,74.72,75.16
278,75.81,76.29,75.49,75.93
279,76.41,77.59,76.07,77.53
280,77.03,79.26,76.81,78.75
281,79.46,79.92,77.73,77.85
282,78.04,78.99,75.8,76.91
283,76.13,77.45,75.38,77.39
284,75.09,76.97,75.05,76.93
285,78.29,79.13,77.58,78.74
286,78.76,79.63,78.25,78.29
287,79.17,79.88,79.13,79.81
288,79.67,80.22,78.97,79.21
289,78.94,79.81,78.84,79.72
290,80.88,81.06,79.13,79.18
291,79.04,79.68,78.27,79.53
292,79.19,80.86,78.91,79.56
293,79.81,80.29,79.12,79.49
294,79.44,80.59,79.3,80.46
295,80.19,80.86,79.73,80.83
296,81.17,81.55,80.57,81.28
297,81.1,81.4,80.19,80.58
298,80.84,82.94,80.81,82.88
299,82.56,83.4,81.83,83.36
300,83.04,86.4,83.0,86.0
301,86.97,88.69,86.52,88.21
302,87.33,87.76,83.87,83.97
303,86.18,86.95,83.56,84.7
304,83.31,86.42,83.14,85.75
305,87.86,88.3,86.18,88.02
306,88.79,88.85,87.77,87.9
307,87.85,88.36,87.31,87.93
308,88.66,89.14,86.29,87.43
309,87.83,89.86,87.79,89.72
310,91.0,93.1,90.57,91.63
311,91.25,92.2,89.63,90.01
312,90.18,91.25,89.39,91.21
313,91.1,91.33,88.25,88.41
314,88.31,90.54,87.82,90.45
315,90.02,91.5,90.0,91.2
316,91.28,91.84,90.98,91.03
317,91.96,92.62,90.91,91.03
318,92.5,93.95,92.47,93.46
319,93.85,94.65,93.06,93.17
320,94.18,95.38,94.09,95.34
321,96.26,96.32,94.67,95.75
322,95.33,95.98,94.71,95.92
323,97.26,99.96,95.26,95.48
324,94.84,97.25,93.88,97.06
325,98.99,99.25,96.49,97.72
326,96.56,97.4,95.9,96.52
327,96.99,97.15,95.84,96.33
328,96.42,98.5,96.06,98.36
329,99.17,99.25,96.74,97.0
330,96.69,97.97,96.6,97.27
331,97.0,97.08,92.01,92.85
332,90.99,92.97,89.14,92.61
333,93.71,94.9,93.48,94.81
334,94.37,94.55,93.25,93.25
335,93.75,95.23,93.71,95.04
336,94.19,96.3,93.77,96.19
337,102.89,106.42,100.82,106.26
338,108.2,111.64,107.89,108.94
339,109.13,110.79,108.39,109.67
340,109.38,110.39,108.9,110.06
341,110.4,114.41,109.8,113.9
342,113.21,113.68,110.29,111.11
343,112.6,113.78,110.0,112.73
344,111.97,112.48,109.11,109.38
345,110.5,113.28,110.3,113.01
346,114.43,116.04,113.93,115.01
347,114.83,115.0,113.04,114.91
348,116.06,116.09,113.96,114.61
349,114.35,116.0,114.01,115.56
350,115.98,117.16,115.61,115.71
351,115.75,118.39,115.73,118.28
352,119.26,124.87,119.25,124.37
353,128.7,128.79,123.94,125.86
354,124.7,125.18,123.05,124.82
355,126.18,126.99,125.08,126.52
356,127.14,127.49,123.83,125.01
357,126.01,126.44,124.58,124.81
358,127.58,131.0,126.0,129.04
359,132.76,134.8,130.53,134.18
360,137.59,137.98,127.0,131.4
361,126.91,128.84,120.5,120.88
362,120.07,123.7,110.89,120.96
363,113.95,118.99,112.68,112.82
364,117.26,119.14,115.26,117.32
365,120.36,120.5,112.5,113.49
366,114.57,115.23,110.0,112.0
367,114.72,115.93,112.8,115.36
368,118.33,118.83,113.61,115.54
369,115.23,116.0,112.04,112.13
370,109.72,112.2,108.71,110.34
371,110.4,110.88,106.09,106.84
372,104.54,110.19,103.1,110.08
373,112.68,112.86,109.16,111.81
374,111.62,112.11,106.77,107.12
375,105.17,110.25,105.0,108.22
376,108.43,112.44,107.67,112.28
377,115.01,115.32,112.78,114.96
378,114.55,115.31,113.57,114.09
379,113.79,117.26,113.62,115.81
380,117.64,117.72,115.83,116.79
381,112.89,115.37,112.22,113.02
382,113.91,116.65,113.55,116.5
383,115.7,116.12,112.25,113.16
384,114.62,115.55,114.13,115.08
385,116.25,116.4,114.59,114.97
386,115.28,117.0,114.92,116.97
387,120.06,125.18,119.28,124.4
388,125.27,125.39,119.65,121.1
389,121.0,123.03,119.62,121.19
390,118.72,121.2,118.15,120.71
391,121.28,121.55,118.81,119.02
392,119.96,120.42,115.66,115.98
393,116.2,118.98,115.63,117.51
394,116.67,118.71,116.45,116.87
395,117.45,118.04,114.59,115.75
396,116.39,116.55,114.28,115.04
397,114.01,116.55,112.88,115.05
398,115.49,117.28,114.54,116.6
399,115.05,115.43,111.1,111.2
400,112.37,116.93,112.2,115.32
401,111.06,111.99,107.72,108.86
402,109.11,110.68,107.32,108.77
403,109.66,111.49,108.73,110.44
404,114.14,115.59,112.35,114.95
405,117.95,119.62,116.87,119.03
406,118.32,119.2,116.13,118.69
407,120.5,121.99,116.05,116.32
408,115.55,117.59,114.13,115.97
409,117.19,119.63,116.44,119.49
410,119.62,120.53,118.57,119.21
411,119.44,119.67,117.87,119.26
412,118.92,120.99,118.15,120.3
413,119.55,120.67,118.96,119.39
414,118.61,119.82,118.0,118.03
415,117.59,119.06,116.81,118.64
416,118.64,118.77,117.29,117.34
417,117.18,117.62,113.75,113.85
418,113.91,115.85,112.59,115.17
419,115.55,116.75,115.17,116.03
420,116.57,117.49,116.22,116.59
421,116.97,120.97,116.81,119.05
422,121.01,123.47,120.01,122.72
423,122.02,123.37,120.89,123.08
424,123.52,123.78,122.21,122.94
425,122.6,122.86,121.52,122.25
426,122.31,124.57,122.25,123.75
427,124.37,124.98,123.09,124.38
428,124.53,125.95,121.0,121.78
429,120.5,123.87,120.15,123.24
430,122.43,122.76,120.55,122.41
431,122.6,123.35,121.54,121.78
432,124.34,127.9,124.13,127.88
433,127.41,128.37,126.56,127.81
434,128.9,129.58,128.04,128.7
435,128.96,129.1,126.12,126.66
436,125.02,128.31,123.45,128.23
437,131.61,134.41,129.65,131.88
438,132.16,132.43,130.78,130.96
439,131.32,133.46,131.1,131.97
440,133.99,137.34,133.51,136.69
441,138.05,138.79,134.34,134.87
442,135.58,135.99,133.4,133.72
443,134.08,134.74,131.72,132.69
444,133.52,133.61,126.76,129.41
445,128.89,131.74,128.43,131.01
446,127.72,131.05,126.38,126.6
447,128.36,131.63,127.86,130.92
448,132.43,132.63,130.23,132.05
449,129.19,130.17,128.5,128.98
450,128.5,129.69,126.86,128.8
451,128.76,131.45,128.49,130.89
452,130.8,131.0,128.76,128.91
453,128.78,130.22,127.0,127.14
454,127.78,128.71,126.94,127.83
455,128.66,132.49,128.55,132.03
456,133.8,139.67,133.59,136.87
457,136.28,139.85,135.02,139.07
458,143.07,145.09,136.54,142.92
459,143.6,144.3,141.37,143.16
460,143.43,144.3,140.41,142.06
461,139.52,141.99,136.7,137.09
462,135.83,136.74,130.21,131.96
463,133.75,135.38,130.93,134.14
464,135.73,136.31,134.61,134.99
465,135.76,135.77,133.61,133.94
466,136.3,137.4,134.59,137.39
467,137.35,137.42,135.86,136.76
468,136.03,136.96,134.92,136.91
469,136.62,137.88,135.85,136.01
470,136.48,136.99,134.4,135.39
471,135.9,136.39,133.77,135.13
472,134.35,135.53,133.69,135.37
473,135.49,136.01,132.79,133.19
474,131.25,132.22,129.47,130.84
475,129.2,130.0,127.41,129.71
476,130.24,130.71,128.8,129.87
477,128.01,129.72,125.6,126.0
478,123.76,126.71,118.39,125.86
479,124.94,125.56,122.23,125.35
480,124.68,126.46,120.54,120.99
481,122.59,124.85,121.2,121.26
482,123.75,127.93,122.79,127.79
483,128.41,128.72,125.01,125.12
484,124.81,125.71,121.84,122.06
485,121.75,123.6,118.62,120.13
486,120.98,121.94,117.57,121.42
487,120.93,121.0,116.21,116.36
488,119.03,122.06,118.79,121.09
489,121.69,122.17,119.45,119.98
490,122.54,123.21,121.26,121.96
491,120.4,121.17,119.16,121.03
492,121.41,124.0,120.42,123.99
493,125.7,127.22,124.72,125.57
494,124.05,125.86,122.34,124.76
495,122.88,123.18,120.32,120.53
496,119.9,121.43,119.68,119.99
497,120.33,123.87,120.26,123.39
498,123.33,124.24,122.14,122.54
499,122.82,122.9,120.07,120.09
500,119.54,121.66,119.0,120.59
501,120.35,121.48,118.92,121.21
502,121.65,122.58,120.73,121.39
503,120.11,120.4,118.86,119.9
504,121.65,123.52,121.15,122.15
505,123.66,124.18,122.49,123.0
506,123.87,126.16,123.07,125.9
507,126.5,127.13,125.65,126.21
508,125.83,127.92,125.14,127.9
509,128.95,130.39,128.52,130.36
510,129.8,133.04,129.47,133.0
511,132.52,132.85,130.63,131.24
512,132.44,134.66,131.93,134.43
513,134.94,135.0,131.66,132.03
514,133.82,135.0,133.64,134.5
515,134.3,134.67,133.28,134.16
516,133.51,135.47,133.34,134.84
517,135.02,135.53,131.81,133.11
518,132.36,133.75,131.3,133.5
519,133.04,134.15,131.41,131.94
520,132.16,135.12,132.16,134.32
521,134.83,135.06,133.56,134.72
522,135.01,135.41,134.11,134.39
523,134.31,135.02,133.08,133.58
524,136.47,137.07,132.45,133.48
525,131.78,133.56,131.07,131.46
526,132.04,134.07,131.83,132.54
527,131.19,131.49,126.7,127.85
528,129.2,130.45,127.97,128.1
529,127.89,129.75,127.13,129.74
530,130.85,131.26,129.48,130.21
531,129.41,129.54,126.81,126.85
532,123.5,126.27,122.77,125.91
533,123.4,124.64,122.25,122.77
534,124.58,126.15,124.26,124.97
535,126.25,127.89,125.85,127.45
536,126.82,126.93,125.17,126.27
537,126.56,126.99,124.78,124.85
538,123.16,124.92,122.86,124.69
539,125.23,127.72,125.1,127.31
540,127.82,128.0,125.21,125.43
541,126.01,127.94,125.94,127.1
542,127.82,128.32,126.32,126.9
543,126.96,127.39,126.42,126.85
544,126.44,127.64,125.08,125.28
545,125.57,125.8,124.55,124.61
546,125.08,125.35,123.94,124.28
547,124.28,125.24,124.05,125.06
548,124.68,124.85,123.13,123.54
549,124.07,126.16,123.85,125.89
550,126.17,126.32,124.83,125.9
551,126.6,128.46,126.21,126.74
552,127.21,127.75,126.52,127.13
553,127.02,128.19,125.94,126.11
554,126.53,127.44,126.1,127.35
555,127.82,130.54,127.07,130.48
556,129.94,130.6,129.39,129.64
557,130.37,130.89,128.46,130.15
558,129.8,132.55,129.65,131.79
559,130.71,131.51,130.24,130.46
560,130.3,132.41,129.21,132.3
561,132.13,134.08,131.62,133.98
562,133.77,134.32,133.23,133.7
563,134.45,134.64,132.93,133.41
564,133.46,133.89,132.81,133.11
565,133.41,135.25,133.35,134.78
566,134.8,136.49,134.35,136.33
567,136.17,137.41,135.87,136.96
568,136.6,137.33,135.76,137.27
569,137.9,140.0,137.75,139.96
570,140.07,143.15,140.07,142.02
571,143.54,144.89,142.66,144.57
572,141.58,144.06,140.67,143.24
573,142.75,145.65,142.65,145.11
574,146.21,146.32,144.0,144.5
575,144.03,147.46,143.63,145.64
576,148.1,149.57,147.68,149.15
577,149.24,150.0,147.09,148.48
578,148.46,149.76,145.88,146.39
579,143.75,144.07,141.67,142.45
580,143.46,147.1,142.96,146.15
581,145.53,146.13,144.63,145.4
582,145.94,148.2,145.81,146.8
583,147.55,148.72,146.92,148.56
584,148.27,149.83,147.7,148.99
585,149.12,149.21,145.55,146.77
586,144.81,146.97,142.54,144.98
587,144.69,146.55,144.58,145.64
588,144.38,146.33,144.11,145.86
589,146.36,146.95,145.25,145.52
590,145.81,148.04,145.18,147.36
591,147.27,147.79,146.28,146.95
592,146.98,147.84,146.17,147.06
593,146.35,147.11,145.63,146.14
594,146.2,146.7,145.52,146.09
595,146.44,147.71,145.3,145.6
596,146.05,146.72,145.53,145.86
597,146.19,149.05,145.84,148.89
598,148.97,149.44,148.27,149.1
599,148.54,151.19,146.47,151.12
600,150.23,151.68,149.09,150.19
601,149.8,150.72,146.15,146.36
602,145.03,148.0,144.5,146.7
603,147.44,148.5,146.78,148.19
604,148.31,150.19,147.89,149.71
605,149.45,150.86,149.15,149.62
606,149.81,150.32,147.8,148.36
607,148.35,149.12,147.51,147.54
608,147.48,148.75,146.83,148.6
609,149.0,153.49,148.61,153.12
610,152.66,152.8,151.29,151.83
611,152.83,154.98,152.34,152.51
612,153.87,154.72,152.4,153.65
613,153.76,154.63,153.09,154.3
614,154.97,157.26,154.39,156.69
615,156.98,157.04,153.98,155.11
616,155.49,156.11,153.95,154.07
617,155.0,155.48,148.7,148.97
618,150.63,151.42,148.75,149.55
619,150.35,151.07,146.91,148.12
620,148.56,149.44,146.37,149.03
621,148.44,148.97,147.22,148.79
622,148.82,148.82,145.76,146.06
623,143.8,144.84,141.27,142.94
624,143.93,144.6,142.78,143.43
625,144.45,146.43,143.7,145.85
626,146.65,147.08,145.64,146.83
627,145.66,147.47,145.56,146.92
628,145.47,145.96,143.82,145.37
629,143.25,144.75,141.69,141.91
630,142.47,144.45,142.03,142.83
631,143.66,144.38,141.28,141.5
632,141.9,142.92,139.11,142.65
633,141.76,142.21,138.27,139.14
634,139.49,142.24,139.36,141.11
635,139.47,142.15,138.37,142.0
636,143.06,144.22,142.72,143.29
637,144.03,144.18,142.56,142.9
638,142.27,144.81,141.81,142.81
639,143.23,143.25,141.04,141.51
640,141.24,141.4,139.2,140.91
641,142.11,143.88,141.51,143.76
642,143.77,144.9,143.51,144.84
643,143.45,146.84,143.16,146.55
644,147.01,149.17,146.55,148.76
645,148.7,149.75,148.12,149.26
646,148.81,149.64,147.87,149.48
647,149.69,150.18,148.64,148.69
648,148.68,149.37,147.62,148.64
649,149.33,150.84,149.01,149.32
650,149.36,149.73,148.49,148.85
651,149.82,153.17,149.72,152.57
652,147.22,149.94,146.41,149.8
653,148.99,149.7,147.8,148.96
654,148.66,151.57,148.65,150.02
655,150.39,151.97,149.82,151.49
656,151.58,152.43,150.64,150.96
657,151.89,152.2,150.06,151.28
658,151.41,151.57,150.16,150.44
659,150.2,151.43,150.06,150.81
660,150.02,150.13,147.85,147.92
661,148.96,149.43,147.68,147.87
662,148.43,150.4,147.48,149.99
663,150.37,151.88,149.43,150.0
664,149.94,151.49,149.34,151.0
665,151.0,155.0,150.99,153.49
666,153.71,158.67,153.05,157.87
667,157.65,161.02,156.53,160.55
668,161.68,165.7,161.0,161.02
669,161.12,161.8,159.06,161.41
670,160.75,162.14,159.64,161.94
671,159.57,160.45,156.36,156.81
672,159.37,161.19,158.79,160.24
673,159.99,165.52,159.92,165.3
674,167.48,170.3,164.53,164.77
675,158.74,164.2,157.8,163.76
676,164.02,164.96,159.72,161.84
677,164.29,167.88,164.28,165.32
678,169.08,171.58,168.34,171.18
679,172.13,175.96,170.7,175.08
680,174.91,176.75,173.92,174.56
681,175.21,179.63,174.69,179.45
682,181.12,182.13,175.53,175.74
683,175.25,177.74,172.21,174.33
684,175.11,179.5,172.31,179.3
685,179.28,181.14,170.75,172.26
686,169.93,173.47,169.69,171.14
687,168.28,170.58,167.46,169.75
688,171.56,173.2,169.12,172.99
689,173.04,175.86,172.15,175.64
690,175.85,176.85,175.27,176.28
691,177.09,180.42,177.07,180.33
692,180.16,181.33,178.53,179.29
693,179.33,180.63,178.14,179.38
694,179.47,180.57,178.09,178.2
695,178.09,179.23,177.26,177.57
696,177.83,182.88,177.71,182.01
697,182.63,182.94,179.12,179.7
698,179.61,180.17,174.64,174.92
699,172.7,175.3,171.64,172.0
700,172.89,174.14,171.03,172.17
701,169.08,172.5,168.17,172.19
702,172.32,175.18,170.82,175.08
703,176.12,177.18,174.82,175.53
704,175.78,176.62,171.79,172.19
705,171.34,173.78,171.09,173.07
706,171.51,172.54,169.41,169.8
707,170.0,171.08,165.94,166.23
708,166.98,169.68,164.18,164.51
709,164.42,166.33,162.3,162.41
710,160.02,162.3,154.7,161.62
711,158.98,162.76,157.02,159.78
712,163.5,164.39,157.82,159.69
713,162.45,163.84,158.28,159.22
714,165.71,170.35,162.8,170.33
715,170.16,175.0,169.51,174.78
716,174.01,174.84,172.31,174.61
717,174.75,175.88,173.33,175.84
718,174.48,176.24,172.12,172.9
719,171.68,174.1,170.68,172.39
720,172.86,173.95,170.95,171.66
721,171.73,175.35,171.43,174.83
722,176.05,176.65,174.9,176.28
723,174.14,175.48,171.55,172.12
724,172.33,173.08,168.04,168.64
725,167.37,169.58,166.56,168.88
726,170.97,172.95,170.25,172.79
727,171.85,173.34,170.05,172.55
728,171.03,171.91,168.47,168.88
729,169.82,170.54,166.19,167.3
730,164.98,166.69,162.15,164.32
731,165.54,166.15,159.75,160.07
732,152.58,162.85,152.0,162.74
733,163.84,165.12,160.87,164.85
734,163.06,165.42,162.43,165.12
735,164.7,166.6,161.97,163.2
736,164.39,167.36,162.95,166.56
737,168.47,168.91,165.55,166.23
738,164.49,165.55,162.1,163.17
739,163.36,165.02,159.04,159.3
740,158.82,162.88,155.8,157.44
741,161.48,163.41,159.41,162.95
742,160.2,160.39,155.98,158.52
743,158.93,159.28,154.5,154.73
744,151.45,154.12,150.1,150.62
745,150.9,155.57,150.38,155.09
746,157.05,160.0,154.46,159.59
747,158.61,161.0,157.63,160.62
748,160.51,164.48,159.76,163.98
749,163.51,166.35,163.01,165.38
750,165.51,169.42,164.91,168.82
751,167.99,172.64,167.65,170.21
752,171.06,174.14,170.21,174.07
753,173.88,175.28,172.75,174.72
754,172.17,175.73,172.0,175.6
755,176.69,179.01,176.34,178.96
756,178.55,179.61,176.7,177.77
757,177.84,178.03,174.4,174.61
758,174.03,174.88,171.94,174.31
759,174.57,178.49,174.44,178.44
760,177.5,178.3,174.42,175.06
761,172.36,173.63,170.13,171.83
762,171.16,173.36,169.85,172.14
763,171.78,171.78,169.2,170.09
764,168.71,169.03,165.5,165.75
765,168.02,169.87,166.64,167.66
766,167.39,171.04,166.77,170.4
767,170.62,171.27,165.04,165.29
768,163.92,166.6,163.57,165.07
769,165.02,167.82,163.91,167.4
770,168.76,168.88,166.1,167.23
771,168.91,171.53,165.91,166.42
772,166.46,167.87,161.5,161.79
773,161.12,163.17,158.46,162.88
774,162.25,162.34,156.72,156.8
775,155.91,159.79,155.38,156.57
776,159.25,164.52,158.93,163.64
777,161.84,166.2,157.25,157.65
778,156.71,158.23,153.27,157.96
779,158.15,160.71,156.32,159.48
780,159.67,166.48,159.26,166.02
781,163.85,164.08,154.95,156.77
782,156.01,159.44,154.18,157.28
783,154.93,155.83,151.49,152.06
784,155.52,156.74,152.93,154.51
785,153.5,155.45,145.81,146.5
786,142.77,146.2,138.8,142.56
787,144.59,148.1,143.11,147.11
788,145.55,147.52,144.18,145.54
789,148.86,149.77,146.68,149.24
790,146.85,147.36,139.9,140.82
791,139.88,141.66,136.6,137.35
792,139.09,140.7,132.61,137.59
793,137.79,143.26,137.65,143.11
794,140.81,141.97,137.33,140.36
795,138.43,141.79,138.34,140.52
796,137.39,144.34,137.14,143.78
797,145.39,149.68,145.26,149.64
798,149.07,150.66,146.84,148.84
799,149.9,151.74,147.68,148.71
800,147.83,151.27,146.86,151.21
801,146.9,147.97,144.46,145.38
802,147.03,148.57,144.9,146.14
803,144.35,149.0,144.1,148.71
804,148.58,149.87,147.46,147.96
805,147.08,147.95,142.53,142.64
806,140.28,140.76,137.06,137.13
807,132.87,135.2,131.44,131.88
808,133.13,133.89,131.48,132.76
809,134.29,137.34,132.16,135.43
810,132.08,132.39,129.04,130.06
811,130.07,133.08,129.81,131.56
812,133.42,137.06,133.32,135.87
813,134.79,137.76,133.91,135.35
814,136.82,138.59,135.63,138.27
815,139.9,141.91,139.77,141.66
816,142.7,143.49,140.97,141.66
817,142.13,143.42,137.32,137.44
818,137.46,140.67,136.67,139.23
819,137.25,138.37,133.77,136.72
820,136.04,139.04,135.66,138.93
821,137.77,141.61,136.93,141.56
822,141.35,144.12,141.08,142.92
823,143.29,146.55,143.28,146.35
824,145.26,147.55,145.0,147.04
825,145.67,146.64,143.78,144.87
826,145.76,148.45,145.05,145.86
827,142.99,146.45,142.12,145.49
828,144.08,148.95,143.25,148.47
829,149.78,150.86,148.2,150.17
830,150.74,151.57,146.7,147.07
831,147.92,151.23,146.91,151.0
832,151.12,153.72,150.37,153.04
833,154.5,155.57,151.94,155.35
834,155.39,156.28,153.41,154.09
835,154.01,155.04,152.28,152.95
836,152.26,153.09,150.8,151.6
837,152.58,157.33,152.16,156.79
838,156.98,157.64,154.41,157.35
839,161.24,163.63,159.5,162.51
840,161.01,163.59,160.89,161.51
841,160.1,162.41,159.63,160.01
842,160.84,166.59,160.75,166.13
843,166.01,167.19,164.43,165.81
844,163.21,165.85,163.0,165.35
845,166.37,167.81,164.2,164.87
846,164.02,165.82,163.25,164.92
847,167.68,169.34,166.9,169.24
848,170.06,170.99,168.19,168.49
849,169.82,172.17,169.4,172.1
850,171.52,173.39,171.35,173.19
851,172.78,173.71,171.66,173.03
852,172.77,176.15,172.57,174.55
853,173.75,174.9,173.12,174.15
854,173.03,173.74,171.31,171.52
855,169.69,169.86,167.14,167.57
856,167.08,168.71,166.65,167.23
857,167.32,168.11,166.25,167.53
858,168.78,170.14,168.35,170.03
859,170.57,171.05,163.56,163.62
860,161.15,162.9,159.82,161.38
861,162.13,162.56,157.72,158.91
862,160.31,160.58,157.14,157.22
863,156.64,158.42,154.67,157.96
864,159.75,160.36,154.97,155.81
865,156.47,157.09,153.69,154.53
866,154.82,156.67,153.61,155.96
867,154.64,156.36,152.68,154.46
868,155.47,157.82,154.75,157.37
869,159.59,164.26,159.3,163.43
870,159.9,160.54,153.37,153.84
871,154.79,157.1,153.61,155.31
872,154.65,155.24,151.38,152.37
873,151.21,151.35,148.37,150.7
874,149.31,154.56,149.1,154.48
875,153.4,158.08,153.08,156.9
876,157.34,158.74,153.6,153.72
877,152.38,154.47,150.91,152.74
878,151.19,151.47,148.56,150.43
879,149.66,153.77,149.64,150.77
880,152.74,154.72,149.95,151.76
881,147.64,150.64,144.84,149.84
882,146.1,146.72,140.68,142.48
883,141.28,143.1,138.0,138.2
884,138.21,143.07,137.69,142.45
885,145.03,146.22,144.26,146.1
886,144.07,147.38,143.01,146.4
887,145.81,147.54,145.22,145.43
888,142.54,143.1,139.45,140.09
889,140.42,141.89,138.57,140.42
890,139.9,141.35,138.22,138.98
891,139.13,140.36,138.16,138.34
892,134.99,143.59,134.37,142.99
893,144.31,144.52,138.19,138.38
894,141.07,142.9,140.27,142.41
895,145.49,146.7,140.61,143.75
896,141.69,144.95,141.5,143.86
897,143.02,145.89,142.65,143.39
898,142.87,147.85,142.65,147.27
899,147.19,150.23,146.0,149.45
900,150.09,152.49,149.36,152.34
901,150.96,151.99,148.04,149.35
902,148.07,149.05,144.13,144.8
903,148.2,157.5,147.82,155.74
904,153.16,154.24,151.92,153.34
905,155.08,155.45,149.13,150.65
906,148.95,152.17,145.0,145.03
907,142.06,142.8,138.75,138.88
908,142.09,142.67,134.38,138.38
909,137.11,139.15,135.67,138.92
910,140.41,141.43,137.49,139.5
911,138.5,138.55,134.59,134.87
912,141.24,146.87,139.5,146.87
913,145.82,150.01,144.37,149.7
914,148.97,150.28,147.43,148.28
915,152.22,153.59,148.56,150.04
916,149.13,149.87,147.29,148.79
917,146.43,151.48,146.15,150.72
918,152.31,152.7,149.97,151.29
919,150.16,150.37,147.72,148.01
920,148.13,150.42,146.93,150.18
921,149.45,151.83,149.34,151.07
922,148.31,148.88,147.12,148.11
923,145.14,146.64,143.38,144.22
924,144.29,144.81,140.35,141.17
925,141.4,148.72,140.55,148.03
926,148.21,149.13,146.61,148.31
927,145.96,148.0,145.65,147.81
928,147.77,150.92,145.77,146.63
929,147.07,147.3,141.92,142.91
930,142.19,143.37,140.0,140.94
931,142.36,143.52,141.1,142.65
932,142.34,145.57,140.9,142.16
933,142.7,144.5,141.06,144.49
934,149.5,149.97,144.24,145.47
935,145.35,146.66,141.16,143.21
936,141.11,141.8,136.03,136.5
937,136.69,137.65,133.73,134.51
938,135.11,135.2,131.32,132.37
939,131.39,133.25,129.89,132.3
940,132.98,136.81,132.75,135.45
941,134.35,134.56,130.3,132.23
942,130.92,132.42,129.64,131.86
943,131.38,131.41,128.72,130.03
944,129.67,131.03,125.87,126.04
945,127.99,130.48,127.73,129.61
946,128.41,129.95,127.43,129.93
947,130.28,130.9,124.17,125.07
948,126.89,128.66,125.08,126.36
949,127.13,127.77,124.76,125.02
950,126.01,130.29,124.89,129.62
951,130.47,133.41,129.89,130.15
952,130.26,131.26,128.12,130.73
953,131.25,133.51,130.46,133.49
954,133.88,134.26,131.44,133.41
955,132.03,134.92,131.66,134.76
956,134.83,137.29,134.13,135.94
957,136.82,138.61,135.03,135.21
958,134.08,136.25,133.77,135.27
959,135.28,138.02,134.22,137.87
960,138.12,143.32,137.9,141.11
961,140.31,143.16,140.3,142.53
962,140.89,142.43,138.81,141.86
963,143.17,144.25,141.9,143.96
964,143.16,147.23,143.08,145.93
965,144.96,145.55,142.85,143.0
966,142.7,144.34,142.28,144.29
967,143.97,146.61,141.32,145.43
968,148.9,151.18,148.17,150.82
969,148.03,157.38,147.83,154.5
970,152.57,153.1,150.78,151.73
971,150.64,155.23,150.64,154.65
972,153.88,154.58,151.17,151.92
973,153.78,154.33,150.42,150.87
974,149.46,151.34,149.22,151.01
975,150.95,154.26,150.92,153.85
976,152.12,153.77,150.86,153.2
977,153.11,155.5,152.88,155.33
978,153.51,156.33,153.35,153.71
979,152.35,153.0,150.85,152.55
980,150.2,151.3,148.41,148.48
981,148.87,149.95,147.16,148.91
982,150.09,150.34,147.24,149.4
983,147.11,147.19,145.72,146.71
984,147.71,149.17,147.45,147.92
985,147.05,149.08,146.83,147.41
986,146.83,147.23,145.01,145.31
987,144.38,146.71,143.9,145.91
988,148.04,151.11,147.33,151.03
989,153.79,156.3,153.46,153.83
990,153.7,154.03,151.13,151.6
991,152.81,153.47,151.83,152.87
992,153.56,154.54,150.23,150.59
993,150.21,150.94,147.61,148.5
994,147.81,153.14,147.7,150.47
995,151.28,153.4,150.1,152.59
996,151.19,153.25,149.92,152.99
997,152.16,156.46,151.64,155.85
998,156.08,156.74,154.28,155.0
999,155.07,157.82,154.15,157.4
1000,157.32,159.4,156.54,159.28
1001,159.3,162.14,157.81,157.83
1002,158.83,161.55,157.68,158.93
1003,158.86,160.34,157.85,160.25
1004,159.94,160.77,157.87,158.28
1005,157.97,158.49,155.98,157.65
1006,159.37,161.05,159.35,160.77
1007,161.53,162.47,161.27,162.36
1008,162.44,165.0,161.91,164.9
1009,164.27,166.29,164.22,166.17
1010,166.6,166.84,165.11,165.63
1011,164.74,165.05,161.8,163.76
1012,162.43,164.96,162.0,164.66
1013,161.42,162.03,160.08,162.03
1014,162.35,162.36,160.51,160.8
1015,161.22,162.06,159.78,160.1
1016,161.63,165.8,161.42,165.56
1017,164.59,166.32,163.82,165.21
1018,165.09,165.39,164.03,165.23
1019,166.1,167.41,165.65,166.47
1020,165.8,168.16,165.54,167.63
1021,166.09,167.87,165.56,166.65
1022,165.05,166.45,164.49,165.02
1023,165.0,165.6,163.89,165.33
1024,165.19,166.31,163.73,163.77
1025,163.06,165.28,162.8,163.76
1026,165.19,168.56,165.19,168.41
1027,168.49,169.85,167.88,169.68
1028,169.28,170.45,168.64,169.59
1029,170.09,170.35,167.54,168.54
1030,169.5,170.92,167.16,167.45
1031,164.89,167.04,164.31,165.79
1032,170.98,174.3,170.76,173.57
1033,172.48,173.85,172.11,173.5
1034,173.05,173.54,171.6,171.77
1035,173.02,174.03,171.9,173.56
1036,173.85,174.59,172.17,173.75
1037,173.62,174.06,171.0,172.57
1038,173.16,173.21,171.47,172.07
1039,171.99,173.14,171.8,172.07
1040,171.71,172.93,170.42,172.69
1041,173.0,175.24,172.58,175.05
1042,176.39,176.39,174.94,175.16
1043,173.98,174.71,173.45,174.2
1044,173.13,173.38,171.28,171.56
1045,171.09,172.42,170.52,171.84
1046,172.41,173.9,171.69,172.99
1047,173.32,175.77,173.11,175.43
1048,176.96,178.99,176.57,177.3
1049,177.33,179.35,176.76,177.25
1050,177.7,180.12,176.93,180.09
1051,181.03,181.78,179.26,180.95
1052,182.63,184.95,178.04,179.58
1053,179.97,180.12,177.43,179.21
1054,178.44,181.21,177.32,177.82
1055,177.9,180.84,177.46,180.57
1056,181.5,182.23,180.63,180.96
1057,181.27,183.89,180.97,183.79
1058,182.8,184.15,182.44,183.31
1059,183.37,184.39,182.02,183.95
1060,183.96,186.52,183.78,186.01
1061,186.73,186.99,184.27,184.92
1062,184.41,186.1,184.41,185.01
1063,184.9,185.41,182.59,183.96
1064,183.74,187.05,183.67,187.0
1065,185.55,187.56,185.01,186.68
1066,186.83,188.05,185.23,185.27
1067,185.89,188.39,185.67,188.06
1068,187.93,189.9,187.6,189.25
1069,189.08,190.07,188.94,189.59
1070,191.63,194.48,191.26,193.97
1071,193.78,193.88,191.76,192.46
1072,191.57,192.98,190.62,191.33
1073,189.84,192.02,189.2,191.81
1074,191.41,192.67,190.24,190.68
1075,189.26,189.99,187.04,188.61
1076,189.16,189.3,186.6,188.08
1077,189.68,191.7,188.47,189.77
1078,190.5,191.19,189.78,190.54
1079,190.23,191.18,189.63,190.69
1080,191.9,194.32,191.81,193.99
1081,193.35,194.33,192.42,193.73
1082,193.1,198.23,192.65,195.1
1083,195.09,196.47,192.5,193.13
1084,194.1,194.97,191.23,191.94
1085,193.41,194.91,192.25,192.75
1086,193.33,194.44,192.92,193.62
1087,193.67,195.64,193.32,194.5
1088,196.02,197.2,192.55,193.22
1089,194.67,196.63,194.14,195.83
1090,196.06,196.49,195.26,196.45
1091,196.24,196.73,195.28,195.61
1092,195.04,195.18,191.85,192.58
1093,191.57,192.37,190.69,191.17
1094,185.52,187.38,181.92,181.99
1095,182.13,183.13,177.35,178.85
1096,179.69,180.27,177.58,179.8
1097,180.87,180.93,177.01,178.19
1098,179.48,180.75,177.6,177.97
1099,177.32,178.62,176.55,177.79
1100,177.97,179.69,177.31,179.46
1101,178.88,179.48,177.05,177.45
1102,177.13,178.54,176.5,176.57
1103,177.14,177.51,173.48,174.0
1104,172.3,175.1,171.96,174.49
1105,175.07,176.13,173.74,175.84
1106,177.06,177.68,176.25,177.23
1107,178.52,181.55,178.33,181.12
1108,180.67,181.1,176.01,176.38
1109,177.38,179.15,175.82,178.61
1110,180.09,180.59,178.55,180.19
1111,179.7,184.9,179.5,184.12
1112,184.94,187.85,184.74,187.65
1113,187.84,189.12,187.48,187.87
1114,189.49,189.92,188.28,189.46
1115,188.28,189.98,187.61,189.7
1116,188.4,188.85,181.47,182.91
1117,175.18,178.21,173.54,177.56
1118,178.35,180.24,177.79,178.18
1119,180.07,180.3,177.34,179.36
1120,179.49,180.13,174.82,176.3
1121,176.51,177.3,173.98,174.21
1122,174.0,176.1,173.58,175.74
1123,176.48,176.5,173.82,175.01
1124,176.48,179.38,176.17,177.97
1125,177.52,179.63,177.13,179.07
1126,179.26,179.7,175.4,175.49
1127,174.55,176.3,173.86,173.93
1128,174.67,177.08,174.05,174.79
1129,174.2,176.97,174.15,176.08
1130,174.82,175.2,171.66,171.96
1131,172.62,173.04,169.05,170.43
1132,169.34,172.03,167.62,170.69
1133,172.02,173.07,170.34,171.21
1134,171.22,174.3,170.93,173.75
1135,172.26,173.63,170.82,172.4
1136,171.09,174.21,170.97,173.66
1137,173.79,175.45,172.68,174.91
1138,173.8,177.99,173.18,177.49
1139,176.81,179.05,175.8,178.99
1140,178.1,179.72,177.95,178.39
1141,178.2,179.85,177.6,179.8
1142,180.07,182.34,179.04,180.71
1143,181.42,181.93,178.14,178.85
1144,176.75,179.08,176.51,178.72
1145,176.65,178.42,174.8,177.15
1146,175.58,177.58,175.11,175.84
1147,176.04,177.84,175.19,175.46
1148,175.31,175.42,172.64,172.88
1149,170.91,174.01,169.93,173.0
1150,173.05,173.67,171.45,173.44
1151,171.88,173.06,170.65,171.1
1152,170.37,171.38,165.67,166.89
1153,166.91,168.96,166.83,168.22
1154,169.02,171.17,168.87,170.29
1155,169.35,170.9,167.9,170.77
1156,171.0,174.23,170.12,173.97
1157,175.52,177.78,175.46,177.57
1158,174.24,176.82,173.35,176.65
1159,176.38,179.43,176.21,179.23
1160,179.18,182.44,178.97,181.82
1161,182.35,183.45,181.59,182.89
1162,182.96,184.12,181.81,182.41
1163,183.97,186.57,183.53,186.4
1164,185.82,186.03,184.21,184.8
1165,187.7,188.11,186.3,187.44
1166,187.85,189.5,187.78,188.01
1167,189.57,190.96,188.65,189.71
1168,190.25,190.38,188.57,189.69
1169,189.89,191.91,189.88,191.45
1170,191.41,191.52,189.74,190.64
1171,191.49,192.93,190.83,191.31
1172,190.87,190.9,189.25,189.97
1173,189.92,190.67,188.9,189.79
1174,189.78,191.08,189.4,190.4
1175,190.9,192.09,188.97,189.37
1176,189.84,190.32,188.19,189.95
1177,190.33,191.56,189.23,191.24
1178,189.98,190.05,187.45,189.43
1179,190.21,194.4,190.18,193.42
1180,194.45,194.76,192.11,192.32
1181,193.63,195.0,193.59,194.27
1182,194.2,195.99,193.67,195.71
1183,193.11,193.49,191.42,193.18
1184,193.08,194.72,191.72,194.71
1185,195.09,198.0,194.85,197.96
1186,198.02,199.62,196.16,198.11
1187,197.53,198.4,197.0,197.57
1188,196.09,196.63,194.39,195.89
1189,196.16,196.95,195.89,196.94
1190,196.9,197.68,194.83,194.83
1191,196.1,197.08,193.5,194.68
1192,195.18,195.41,192.97,193.6
1193,193.61,193.89,192.83,193.05
1194,192.49,193.5,191.09,193.15
1195,194.14,194.66,193.17,193.58
1196,193.9,194.4,191.73,192.53
1197,187.15,188.44,183.89,185.64
1198,184.22,185.88,183.43,184.25
1199,182.15,183.09,180.88,181.91
1200,181.99,182.76,180.17,181.18
1201,182.09,185.6,181.5,185.56
1202,183.92,185.15,182.73,185.14
1203,184.35,186.4,183.92,186.19
1204,186.54,187.05,183.62,185.59
1205,186.06,186.74,185.19,185.92
1206,182.16,184.26,180.93,183.63
1207,181.27,182.93,180.3,182.68
1208,186.09,189.14,185.83,188.63
1209,189.33,191.95,188.82,191.56
1210,192.3,195.33,192.26,193.89
1211,195.02,195.75,193.83,195.18
1212,195.42,196.38,194.34,194.5
1213,195.22,196.27,193.11,194.17
1214,194.27,194.76,191.94,192.42
1215,192.01,192.2,189.58,191.73
1216,190.94,191.8,187.47,188.04
1217,187.04,187.1,184.35,184.4
1218,183.99,186.95,183.82,186.86
1219,179.86,187.33,179.25,185.85
1220,188.15,189.25,185.84,187.68
1221,186.86,189.31,186.77,189.3
1222,190.64,191.05,188.61,189.41
1223,189.39,189.54,187.35,188.32
1224,188.65,189.99,188.0,188.85
1225,188.42,188.67,186.79,187.15
1226,185.77,186.21,183.51,185.04
1227,185.32,185.53,182.44,184.15
1228,183.55,184.49,181.35,183.86
1229,183.42,184.85,181.67,182.31
1230,181.79,182.43,180.0,181.56
1231,181.94,182.89,180.66,182.32
1232,183.48,184.96,182.46,184.37
1233,185.01,185.04,182.23,182.52
1234,182.24,182.76,180.65,181.16
1235,181.1,183.92,179.56,182.63
1236,182.51,183.12,180.13,181.42
1237,181.27,182.57,179.53,180.75
1238,179.55,180.53,177.38,179.66
1239,176.15,176.9,173.79,175.1
1240,170.76,172.04,169.62,170.12
1241,171.06,171.24,168.68,169.12
1242,169.15,170.73,168.49,169.0
1243,169.0,173.7,168.94,170.73
1244,172.94,174.38,172.05,172.75
1245,173.15,174.03,171.01,173.23
1246,172.77,173.19,170.76,171.13
1247,172.91,174.31,172.05,173.0
1248,171.17,172.62,170.29,172.62
1249,175.57,177.71,173.52,173.72
1250,174.34,176.61,173.03,176.08
1251,175.72,178.67,175.09,178.67
1252,177.05,177.49,170.84,171.37
1253,171.76,173.05,170.06,172.28
1254,170.57,171.94,169.45,170.85
1255,170.0,171.42,169.58,169.71
1256,170.41,173.6,170.11,173.31
1257,171.75,172.23,170.51,171.48
